{
  "timeZone": "America/New_York",
  "dependencies": {
    "enabledAdvancedServices": [
      {
        "userSymbol": "Drive",
        "version": "v3",
        "serviceId": "drive"
      },
      {
        "userSymbol": "Docs",
        "version": "v1",
        "serviceId": "docs"
      },
      {
        "userSymbol": "Sheets",
        "version": "v4",
        "serviceId": "sheets"
      },
      {
        "userSymbol": "Gmail",
        "version": "v1",
        "serviceId": "gmail"
      }
    ]
  },
  "exceptionLogging": "STACKDRIVER",
  "runtimeVersion": "V8",
  "webapp": {
    "access": "DOMAIN",
    "executeAs": "USER_ACCESSING"
  },
  "oauthScopes": [
    "https://www.googleapis.com/auth/spreadsheets",
    "https://www.googleapis.com/auth/drive",
    "https://www.googleapis.com/auth/drive.file",
    "https://www.googleapis.com/auth/drive.readonly",
    "https://www.googleapis.com/auth/userinfo.email",
    "https://www.googleapis.com/auth/documents",
    "https://www.googleapis.com/auth/gmail.send"
  ]
}